Year,Conference,Round,Team1,Seed1,Odds1,Team2,Seed2,Odds2,WinningTeam,Result
2023,Eastern,Conf Finals,Boston Celtics,2,-550,Miami Heat,8,+400,,
2023,Western,Conf Finals,Denver Nuggets,1,-170,Los Angeles Lakers,7,+145,,
2023,Eastern,Conf Semis,Boston Celtics,2,-550,Philadelphia 76ers,3,+425,Boston Celtics,4-3
2023,Eastern,Conf Semis,New York Knicks,5,-160,Miami Heat,8,+140,Miami Heat,4-2
2023,Western,Conf Semis,Denver Nuggets,1,+100,Phoenix Suns,4,-120,Denver Nuggets,4-2
2023,Western,Conf Semis,Golden State Warriors,6,-150,Los Angeles Lakers,7,+130,Los Angeles Lakers,4-2
2023,Eastern,Round 1,Milwaukee Bucks,1,-1200,Miami Heat,8,+750,Miami Heat,4-1
2023,Eastern,Round 1,Boston Celtics,2,-1600,Atlanta Hawks,7,+900,Boston Celtics,4-2
2023,Eastern,Round 1,Philadelphia 76ers,3,-1100,Brooklyn Nets,6,+700,Philadelphia 76ers,4-0
2023,Eastern,Round 1,Cleveland Cavaliers,4,-190,New York Knicks,5,+170,New York Knicks,4-1
2023,Western,Round 1,Denver Nuggets,1,-550,Minnesota Timberwolves,8,+425,Denver Nuggets,4-1
2023,Western,Round 1,Memphis Grizzlies,2,-160,Los Angeles Lakers,7,+140,Los Angeles Lakers,4-2
2023,Western,Round 1,Sacramento Kings,3,+225,Golden State Warriors,6,-265,Golden State Warriors,4-3
2023,Western,Round 1,Phoenix Suns,4,-600,Los Angeles Clippers,5,+450,Phoenix Suns,4-1
2022,,NBA Finals,Golden State Warriors,3,-145,Boston Celtics,2,+125,Golden State Warriors,4-2
2022,Eastern,Conf Finals,Miami Heat,1,+140,Boston Celtics,2,-160,Boston Celtics,4-3
2022,Western,Conf Finals,Golden State Warriors,3,-220,Dallas Mavericks,4,+180,Golden State Warriors,4-1
2022,Eastern,Conf Semis,Miami Heat,1,-310,Philadelphia 76ers,4,+250,Miami Heat,4-2
2022,Eastern,Conf Semis,Boston Celtics,2,-200,Milwaukee Bucks,3,+170,Boston Celtics,4-3
2022,Western,Conf Semis,Phoenix Suns,1,-295,Dallas Mavericks,4,+240,Dallas Mavericks,4-3
2022,Western,Conf Semis,Memphis Grizzlies,2,+210,Golden State Warriors,3,-255,Golden State Warriors,4-2
2022,Eastern,Round 1,Miami Heat,1,-420,Atlanta Hawks,8,+330,Miami Heat,4-1
2022,Eastern,Round 1,Boston Celtics,2,-130,Brooklyn Nets,7,+110,Boston Celtics,4-0
2022,Eastern,Round 1,Milwaukee Bucks,3,-1100,Chicago Bulls,6,+700,Milwaukee Bucks,4-1
2022,Eastern,Round 1,Philadelphia 76ers,4,-175,Toronto Raptors,5,+155,Philadelphia 76ers,4-2
2022,Western,Round 1,Phoenix Suns,1,-1350,New Orleans Pelicans,8,+750,Phoenix Suns,4-2
2022,Western,Round 1,Memphis Grizzlies,2,-320,Minnesota Timberwolves,7,+260,Memphis Grizzlies,4-2
2022,Western,Round 1,Golden State Warriors,3,-275,Denver Nuggets,6,+225,Golden State Warriors,4-1
2022,Western,Round 1,Dallas Mavericks,4,+245,Utah Jazz,5,-300,Dallas Mavericks,4-2
2021,,NBA Finals,Phoenix Suns,2,-180,Milwaukee Bucks,3,+160,Milwaukee Bucks,4-2
2021,Eastern,Conf Finals,Milwaukee Bucks,3,-500,Atlanta Hawks,5,+400,Milwaukee Bucks,4-2
2021,Western,Conf Finals,Phoenix Suns,2,-200,Los Angeles Clippers,4,+170,Phoenix Suns,4-2
2021,Eastern,Conf Semis,Philadelphia 76ers,1,-175,Atlanta Hawks,5,+155,Atlanta Hawks,4-3
2021,Eastern,Conf Semis,Brooklyn Nets,2,-180,Milwaukee Bucks,3,+160,Milwaukee Bucks,4-3
2021,Western,Conf Semis,Utah Jazz,1,-130,Los Angeles Clippers,4,+110,Los Angeles Clippers,4-2
2021,Western,Conf Semis,Phoenix Suns,2,-210,Denver Nuggets,3,+175,Phoenix Suns,4-0
2021,Eastern,Round 1,Philadelphia 76ers,1,-1000,Washington Wizards,8,+650,Philadelphia 76ers,4-1
2021,Eastern,Round 1,Brooklyn Nets,2,-1400,Boston Celtics,7,+800,Brooklyn Nets,4-1
2021,Eastern,Round 1,Milwaukee Bucks,3,-320,Miami Heat,6,+250,Milwaukee Bucks,4-0
2021,Eastern,Round 1,New York Knicks,4,+110,Atlanta Hawks,5,-130,Atlanta Hawks,4-1
2021,Western,Round 1,Utah Jazz,1,-1400,Memphis Grizzlies,8,+800,Utah Jazz,4-1
2021,Western,Round 1,Phoenix Suns,2,+155,Los Angeles Lakers,7,-175,Phoenix Suns,4-2
2021,Western,Round 1,Denver Nuggets,3,+110,Portland Trail Blazers,6,-130,Denver Nuggets,4-2
2021,Western,Round 1,Los Angeles Clippers,4,-400,Dallas Mavericks,5,+310,Los Angeles Clippers,4-3
2020,,NBA Finals,Los Angeles Lakers,1,-350,Miami Heat,5,+290,Los Angeles Lakers,4-2
2020,Eastern,Conf Finals,Boston Celtics,2,-130,Miami Heat,5,+110,Miami Heat,4-2
2020,Western,Conf Finals,Los Angeles Lakers,1,-550,Denver Nuggets,3,+425,Los Angeles Lakers,4-1
2020,Eastern,Conf Semis,Milwaukee Bucks,1,-440,Miami Heat,5,+350,Miami Heat,4-1
2020,Eastern,Conf Semis,Toronto Raptors,2,-135,Boston Celtics,3,+115,Boston Celtics,4-3
2020,Western,Conf Semis,Los Angeles Lakers,1,-550,Houston Rockets,4,+425,Los Angeles Lakers,4-1
2020,Western,Conf Semis,Los Angeles Clippers,2,-1300,Denver Nuggets,3,+850,Denver Nuggets,4-3
2020,Eastern,Round 1,Milwaukee Bucks,1,-7500,Orlando Magic,8,+3250,Milwaukee Bucks,4-1
2020,Eastern,Round 1,Toronto Raptors,2,-2200,Brooklyn Nets,7,+1315,Toronto Raptors,4-0
2020,Eastern,Round 1,Boston Celtics,3,-450,Philadelphia 76ers,6,+360,Boston Celtics,4-0
2020,Eastern,Round 1,Indiana Pacers,4,+260,Miami Heat,5,-320,Miami Heat,4-0
2020,Western,Round 1,Los Angeles Lakers,1,-550,Portland Trail Blazers,8,+425,Los Angeles Lakers,4-1
2020,Western,Round 1,Los Angeles Clippers,2,-630,Dallas Mavericks,7,+465,Los Angeles Clippers,4-2
2020,Western,Round 1,Denver Nuggets,3,-285,Utah Jazz,6,+243,Denver Nuggets,4-3
2020,Western,Round 1,Houston Rockets,4,-160,Oklahoma City Thunder,5,+140,Houston Rockets,4-3
2019,,NBA Finals,Toronto Raptors,2,+230,Golden State Warriors,1,-270,Toronto Raptors,4-2
2019,Eastern,Conf Finals,Milwaukee Bucks,1,-270,Toronto Raptors,2,+230,Toronto Raptors,4-2
2019,Western,Conf Finals,Golden State Warriors,1,-550,Portland Trail Blazers,3,+425,Golden State Warriors,4-0
2019,Eastern,Conf Semis,Milwaukee Bucks,1,-360,Boston Celtics,4,+300,Milwaukee Bucks,4-1
2019,Eastern,Conf Semis,Toronto Raptors,2,-290,Philadelphia 76ers,3,+245,Toronto Raptors,4-3
2019,Western,Conf Semis,Golden State Warriors,1,-280,Houston Rockets,4,+240,Golden State Warriors,4-2
2019,Western,Conf Semis,Denver Nuggets,2,-145,Portland Trail Blazers,3,+125,Portland Trail Blazers,4-3
2019,Eastern,Round 1,Milwaukee Bucks,1,-3500,Detroit Pistons,8,+1750,Milwaukee Bucks,4-0
2019,Eastern,Round 1,Toronto Raptors,2,-1200,Orlando Magic,7,+775,Toronto Raptors,4-1
2019,Eastern,Round 1,Philadelphia 76ers,3,-600,Brooklyn Nets,6,+450,Philadelphia 76ers,4-1
2019,Eastern,Round 1,Boston Celtics,4,-465,Indiana Pacers,5,+370,Boston Celtics,4-0
2019,Western,Round 1,Golden State Warriors,1,-15000,Los Angeles Clippers,8,+6000,Golden State Warriors,4-2
2019,Western,Round 1,Denver Nuggets,2,-270,San Antonio Spurs,7,+230,Denver Nuggets,4-3
2019,Western,Round 1,Portland Trail Blazers,3,+145,Oklahoma City Thunder,6,-165,Portland Trail Blazers,4-1
2019,Western,Round 1,Houston Rockets,4,-310,Utah Jazz,5,+255,Houston Rockets,4-1
2018,,NBA Finals,Golden State Warriors,2,-1075,Cleveland Cavaliers,4,+688,Golden State Warriors,4-0
2018,Eastern,Conf Finals,Boston Celtics,2,+235,Cleveland Cavaliers,4,-275,Cleveland Cavaliers,4-3
2018,Western,Conf Finals,Houston Rockets,1,+170,Golden State Warriors,2,-200,Golden State Warriors,4-3
2018,Eastern,Conf Semis,Toronto Raptors,1,-190,Cleveland Cavaliers,4,+165,Cleveland Cavaliers,4-0
2018,Eastern,Conf Semis,Boston Celtics,2,+415,Philadelphia 76ers,3,-525,Boston Celtics,4-1
2018,Western,Conf Semis,Houston Rockets,1,-1500,Utah Jazz,5,+1000,Houston Rockets,4-1
2018,Western,Conf Semis,Golden State Warriors,2,-1050,New Orleans Pelicans,6,+675,Golden State Warriors,4-1
2018,Eastern,Round 1,Toronto Raptors,1,-630,Washington Wizards,8,+465,Toronto Raptors,4-2
2018,Eastern,Round 1,Boston Celtics,2,-150,Milwaukee Bucks,7,+130,Boston Celtics,4-3
2018,Eastern,Round 1,Philadelphia 76ers,3,-500,Miami Heat,6,+400,Philadelphia 76ers,4-1
2018,Eastern,Round 1,Cleveland Cavaliers,4,-600,Indiana Pacers,5,+450,Cleveland Cavaliers,4-3
2018,Western,Round 1,Houston Rockets,1,-3000,Minnesota Timberwolves,8,+1500,Houston Rockets,4-1
2018,Western,Round 1,Golden State Warriors,2,-900,San Antonio Spurs,7,+600,Golden State Warriors,4-1
2018,Western,Round 1,Portland Trail Blazers,3,-220,New Orleans Pelicans,6,+180,New Orleans Pelicans,4-0
2018,Western,Round 1,Oklahoma City Thunder,4,-140,Utah Jazz,5,+120,Utah Jazz,4-2
2017,,NBA Finals,Golden State Warriors,1,-300,Cleveland Cavaliers,2,+250,Golden State Warriors,4-1
2017,Eastern,Conf Finals,Boston Celtics,1,+500,Cleveland Cavaliers,2,-700,Cleveland Cavaliers,4-1
2017,Western,Conf Finals,Golden State Warriors,1,-1050,San Antonio Spurs,2,+675,Golden State Warriors,4-0
2017,Eastern,Conf Semis,Boston Celtics,1,-185,Washington Wizards,4,+160,Boston Celtics,4-3
2017,Eastern,Conf Semis,Cleveland Cavaliers,2,-475,Toronto Raptors,3,+380,Cleveland Cavaliers,4-0
2017,Western,Conf Semis,Golden State Warriors,1,-3200,Utah Jazz,5,+1600,Golden State Warriors,4-0
2017,Western,Conf Semis,San Antonio Spurs,2,-300,Houston Rockets,3,+250,San Antonio Spurs,4-2
2017,Eastern,Round 1,Boston Celtics,1,-470,Chicago Bulls,8,+375,Boston Celtics,4-2
2017,Eastern,Round 1,Cleveland Cavaliers,2,-1100,Indiana Pacers,7,+700,Cleveland Cavaliers,4-0
2017,Eastern,Round 1,Toronto Raptors,3,-440,Milwaukee Bucks,6,+350,Toronto Raptors,4-2
2017,Eastern,Round 1,Washington Wizards,4,-220,Atlanta Hawks,5,+180,Washington Wizards,4-2
2017,Western,Round 1,Golden State Warriors,1,-7000,Portland Trail Blazers,8,+3000,Golden State Warriors,4-0
2017,Western,Round 1,San Antonio Spurs,2,-1070,Memphis Grizzlies,7,+685,San Antonio Spurs,4-2
2017,Western,Round 1,Houston Rockets,3,-390,Oklahoma City Thunder,6,+320,Houston Rockets,4-1
2017,Western,Round 1,Los Angeles Clippers,4,-245,Utah Jazz,5,+205,Utah Jazz,4-3
2016,,NBA Finals,Golden State Warriors,1,-220,Cleveland Cavaliers,1,+180,Cleveland Cavaliers,4-3
2016,Eastern,Conf Finals,Cleveland Cavaliers,1,-1350,Toronto Raptors,2,+885,Cleveland Cavaliers,4-2
2016,Western,Conf Finals,Golden State Warriors,1,-430,Oklahoma City Thunder,3,+345,Golden State Warriors,4-3
2016,Eastern,Conf Semis,Cleveland Cavaliers,1,-500,Atlanta Hawks,4,+400,Cleveland Cavaliers,4-0
2016,Eastern,Conf Semis,Toronto Raptors,2,-145,Miami Heat,3,+125,Toronto Raptors,4-3
2016,Western,Conf Semis,Golden State Warriors,1,-1600,Portland Trail Blazers,5,+1050,Golden State Warriors,4-1
2016,Western,Conf Semis,San Antonio Spurs,2,-270,Oklahoma City Thunder,3,+230,Oklahoma City Thunder,4-2
2016,Eastern,Round 1,Cleveland Cavaliers,1,-1700,Detroit Pistons,8,+1100,Cleveland Cavaliers,4-0
2016,Eastern,Round 1,Toronto Raptors,2,-400,Indiana Pacers,7,+325,Toronto Raptors,4-3
2016,Eastern,Round 1,Miami Heat,3,-170,Charlotte Hornets,6,+150,Miami Heat,4-3
2016,Eastern,Round 1,Atlanta Hawks,4,-165,Boston Celtics,5,+145,Atlanta Hawks,4-2
2016,Western,Round 1,Golden State Warriors,1,-10000,Houston Rockets,8,+4000,Golden State Warriors,4-1
2016,Western,Round 1,San Antonio Spurs,2,-17000,Memphis Grizzlies,7,+6625,San Antonio Spurs,4-0
2016,Western,Round 1,Oklahoma City Thunder,3,-3500,Dallas Mavericks,6,+1750,Oklahoma City Thunder,4-1
2016,Western,Round 1,Los Angeles Clippers,4,-525,Portland Trail Blazers,5,+415,Portland Trail Blazers,4-2
2015,,NBA Finals,Golden State Warriors,1,-220,Cleveland Cavaliers,2,+190,Golden State Warriors,4-2
2015,Eastern,Conf Finals,Atlanta Hawks,1,+165,Cleveland Cavaliers,2,-190,Cleveland Cavaliers,4-0
2015,Western,Conf Finals,Golden State Warriors,1,-880,Houston Rockets,2,+665,Golden State Warriors,4-1
2015,Eastern,Conf Semis,Atlanta Hawks,1,-245,Washington Wizards,5,+205,Atlanta Hawks,4-2
2015,Eastern,Conf Semis,Cleveland Cavaliers,2,-240,Chicago Bulls,3,+200,Cleveland Cavaliers,4-2
2015,Western,Conf Semis,Golden State Warriors,1,-1000,Memphis Grizzlies,5,+725,Golden State Warriors,4-2
2015,Western,Conf Semis,Houston Rockets,2,-150,Los Angeles Clippers,3,+130,Houston Rockets,4-3
2015,Eastern,Round 1,Atlanta Hawks,1,-1350,Brooklyn Nets,8,+900,Atlanta Hawks,4-2
2015,Eastern,Round 1,Cleveland Cavaliers,2,-5000,Boston Celtics,7,+2100,Cleveland Cavaliers,4-0
2015,Eastern,Round 1,Chicago Bulls,3,-950,Milwaukee Bucks,6,+700,Chicago Bulls,4-2
2015,Eastern,Round 1,Toronto Raptors,4,-175,Washington Wizards,5,+155,Washington Wizards,4-0
2015,Western,Round 1,Golden State Warriors,1,-3000,New Orleans Pelicans,8,+1500,Golden State Warriors,4-0
2015,Western,Round 1,Houston Rockets,2,-260,Dallas Mavericks,7,+220,Houston Rockets,4-1
2015,Western,Round 1,Los Angeles Clippers,3,+160,San Antonio Spurs,6,-180,Los Angeles Clippers,4-3
2015,Western,Round 1,Memphis Grizzlies,5,-225,Portland Trail Blazers,4,+195,Memphis Grizzlies,4-1
2014,,NBA Finals,San Antonio Spurs,1,-155,Miami Heat,2,+135,San Antonio Spurs,4-1
2014,Eastern,Conf Finals,Indiana Pacers,1,+300,Miami Heat,2,-380,Miami Heat,4-2
2014,Western,Conf Finals,San Antonio Spurs,1,-245,Oklahoma City Thunder,2,+205,San Antonio Spurs,4-2
2014,Eastern,Conf Semis,Indiana Pacers,1,-165,Washington Wizards,5,+145,Indiana Pacers,4-2
2014,Eastern,Conf Semis,Miami Heat,2,-620,Brooklyn Nets,6,+450,Miami Heat,4-1
2014,Western,Conf Semis,San Antonio Spurs,1,-410,Portland Trail Blazers,5,+320,San Antonio Spurs,4-1
2014,Western,Conf Semis,Oklahoma City Thunder,2,-205,Los Angeles Clippers,3,+175,Oklahoma City Thunder,4-2
2014,Eastern,Round 1,Indiana Pacers,1,-600,Atlanta Hawks,8,+440,Indiana Pacers,4-3
2014,Eastern,Round 1,Miami Heat,2,-2500,Charlotte Bobcats,7,+1000,Miami Heat,4-0
2014,Eastern,Round 1,Toronto Raptors,3,+110,Brooklyn Nets,6,-130,Brooklyn Nets,4-3
2014,Eastern,Round 1,Chicago Bulls,4,-180,Washington Wizards,5,+160,Washington Wizards,4-1
2014,Western,Round 1,San Antonio Spurs,1,-875,Dallas Mavericks,8,+585,San Antonio Spurs,4-3
2014,Western,Round 1,Oklahoma City Thunder,2,-500,Memphis Grizzlies,7,+375,Oklahoma City Thunder,4-3
2014,Western,Round 1,Los Angeles Clippers,3,-400,Golden State Warriors,6,+285,Los Angeles Clippers,4-3
2014,Western,Round 1,Houston Rockets,4,-200,Portland Trail Blazers,5,+170,Portland Trail Blazers,4-2
2013,,NBA Finals,Miami Heat,1,-220,San Antonio Spurs,2,+180,Miami Heat,4-3
2013,Eastern,Conf Finals,Miami Heat,1,-850,Indiana Pacers,3,+575,Miami Heat,4-3
2013,Western,Conf Finals,San Antonio Spurs,2,-145,Memphis Grizzlies,5,+125,San Antonio Spurs,4-0
2013,Eastern,Conf Semis,Miami Heat,1,-3000,Chicago Bulls,5,+1100,Miami Heat,4-1
2013,Eastern,Conf Semis,New York Knicks,2,-190,Indiana Pacers,3,+165,Indiana Pacers,4-2
2013,Western,Conf Semis,Oklahoma City Thunder,1,+107,Memphis Grizzlies,5,-127,Memphis Grizzlies,4-1
2013,Western,Conf Semis,San Antonio Spurs,2,-950,Golden State Warriors,6,+625,San Antonio Spurs,4-2
2013,Eastern,Round 1,Miami Heat,1,-20000,Milwaukee Bucks,8,+7500,Miami Heat,4-0
2013,Eastern,Round 1,New York Knicks,2,-410,Boston Celtics,7,+320,New York Knicks,4-2
2013,Eastern,Round 1,Indiana Pacers,3,-380,Atlanta Hawks,6,+300,Indiana Pacers,4-2
2013,Eastern,Round 1,Brooklyn Nets,4,-145,Chicago Bulls,5,+125,Chicago Bulls,4-3
2013,Western,Round 1,Oklahoma City Thunder,1,-1900,Houston Rockets,8,+875,Oklahoma City Thunder,4-2
2013,Western,Round 1,San Antonio Spurs,2,-1000,Los Angeles Lakers,7,+650,San Antonio Spurs,4-0
2013,Western,Round 1,Denver Nuggets,3,-460,Golden State Warriors,6,+355,Golden State Warriors,4-2
2013,Western,Round 1,Los Angeles Clippers,4,-180,Memphis Grizzlies,5,+160,Memphis Grizzlies,4-2
2012,,NBA Finals,Oklahoma City Thunder,2,-175,Miami Heat,2,+155,Miami Heat,4-1
2012,Eastern,Conf Finals,Miami Heat,2,-530,Boston Celtics,4,+400,Miami Heat,4-3
2012,Western,Conf Finals,San Antonio Spurs,1,-205,Oklahoma City Thunder,2,+175,Oklahoma City Thunder,4-2
2012,Eastern,Conf Semis,Miami Heat,2,-950,Indiana Pacers,3,+625,Miami Heat,4-2
2012,Eastern,Conf Semis,Boston Celtics,4,-205,Philadelphia 76ers,8,+175,Boston Celtics,4-3
2012,Western,Conf Semis,San Antonio Spurs,1,-2500,Los Angeles Clippers,5,+1000,San Antonio Spurs,4-0
2012,Western,Conf Semis,Oklahoma City Thunder,2,-450,Los Angeles Lakers,3,+350,Oklahoma City Thunder,4-1
2012,Eastern,Round 1,Chicago Bulls,1,-1400,Philadelphia 76ers,8,+900,Philadelphia 76ers,4-2
2012,Eastern,Round 1,Miami Heat,2,-900,New York Knicks,7,+650,Miami Heat,4-1
2012,Eastern,Round 1,Indiana Pacers,3,-800,Orlando Magic,6,+600,Indiana Pacers,4-1
2012,Eastern,Round 1,Atlanta Hawks,4,+160,Boston Celtics,5,-190,Boston Celtics,4-2
2012,Western,Round 1,San Antonio Spurs,1,-2500,Utah Jazz,8,+1450,San Antonio Spurs,4-0
2012,Western,Round 1,Oklahoma City Thunder,2,-500,Dallas Mavericks,7,+400,Oklahoma City Thunder,4-0
2012,Western,Round 1,Los Angeles Lakers,3,-240,Denver Nuggets,6,+195,Los Angeles Lakers,4-3
2012,Western,Round 1,Memphis Grizzlies,4,-200,Los Angeles Clippers,5,+170,Los Angeles Clippers,4-3
2011,,NBA Finals,Miami Heat,2,-175,Dallas Mavericks,3,+155,Dallas Mavericks,4-2
2011,Eastern,Conf Finals,Chicago Bulls,1,+160,Miami Heat,2,-190,Miami Heat,4-1
2011,Western,Conf Finals,Dallas Mavericks,3,-240,Oklahoma City Thunder,4,+200,Dallas Mavericks,4-1
2011,Eastern,Conf Semis,Chicago Bulls,1,-800,Atlanta Hawks,5,+550,Chicago Bulls,4-2
2011,Eastern,Conf Semis,Miami Heat,2,-190,Boston Celtics,3,+165,Miami Heat,4-1
2011,Western,Conf Semis,Los Angeles Lakers,2,-360,Dallas Mavericks,3,+280,Dallas Mavericks,4-0
2011,Western,Conf Semis,Oklahoma City Thunder,4,-350,Memphis Grizzlies,8,+275,Oklahoma City Thunder,4-3
2011,Eastern,Round 1,Chicago Bulls,1,-4000,Indiana Pacers,8,+1200,Chicago Bulls,4-1
2011,Eastern,Round 1,Miami Heat,2,-2500,Philadelphia 76ers,7,+1000,Miami Heat,4-1
2011,Eastern,Round 1,Boston Celtics,3,-350,New York Knicks,6,+250,Boston Celtics,4-0
2011,Eastern,Round 1,Orlando Magic,4,-650,Atlanta Hawks,5,+425,Atlanta Hawks,4-2
2011,Western,Round 1,San Antonio Spurs,1,-390,Memphis Grizzlies,8,+280,Memphis Grizzlies,4-2
2011,Western,Round 1,Los Angeles Lakers,2,-2500,New Orleans Hornets,7,+1000,Los Angeles Lakers,4-2
2011,Western,Round 1,Dallas Mavericks,3,-200,Portland Trail Blazers,6,+160,Dallas Mavericks,4-2
2011,Western,Round 1,Oklahoma City Thunder,4,-220,Denver Nuggets,5,+170,Oklahoma City Thunder,4-1
2010,,NBA Finals,Los Angeles Lakers,1,-190,Boston Celtics,4,+165,Los Angeles Lakers,4-3
2010,Eastern,Conf Finals,Orlando Magic,2,-260,Boston Celtics,4,+220,Boston Celtics,4-2
2010,Western,Conf Finals,Los Angeles Lakers,1,-340,Phoenix Suns,3,+270,Los Angeles Lakers,4-2
2010,Eastern,Conf Semis,Cleveland Cavaliers,1,-480,Boston Celtics,4,+380,Boston Celtics,4-2
2010,Eastern,Conf Semis,Orlando Magic,2,-800,Atlanta Hawks,3,+550,Orlando Magic,4-0
2010,Western,Conf Semis,Los Angeles Lakers,1,-420,Utah Jazz,5,+310,Los Angeles Lakers,4-0
2010,Western,Conf Semis,Phoenix Suns,3,-140,San Antonio Spurs,7,+120,Phoenix Suns,4-0
2010,Eastern,Round 1,Cleveland Cavaliers,1,-3000,Chicago Bulls,8,+1400,Cleveland Cavaliers,4-1
2010,Eastern,Round 1,Orlando Magic,2,-1000,Charlotte Bobcats,7,+650,Orlando Magic,4-0
2010,Eastern,Round 1,Atlanta Hawks,3,-750,Milwaukee Bucks,6,+550,Atlanta Hawks,4-3
2010,Eastern,Round 1,Boston Celtics,4,-175,Miami Heat,5,+155,Boston Celtics,4-1
2010,Western,Round 1,Los Angeles Lakers,1,-800,Oklahoma City Thunder,8,+600,Los Angeles Lakers,4-2
2010,Western,Round 1,Dallas Mavericks,2,-150,San Antonio Spurs,7,+130,San Antonio Spurs,4-2
2010,Western,Round 1,Phoenix Suns,3,-500,Portland Trail Blazers,6,+400,Phoenix Suns,4-2
2010,Western,Round 1,Denver Nuggets,4,-175,Utah Jazz,5,+150,Utah Jazz,4-2
2009,,NBA Finals,Los Angeles Lakers,1,-280,Orlando Magic,3,+240,Los Angeles Lakers,4-1
2009,Eastern,Conf Finals,Cleveland Cavaliers,1,-700,Orlando Magic,3,+550,Orlando Magic,4-2
2009,Western,Conf Finals,Los Angeles Lakers,1,-250,Denver Nuggets,2,+210,Los Angeles Lakers,4-2
2009,Eastern,Conf Semis,Cleveland Cavaliers,1,-2450,Atlanta Hawks,4,+1000,Cleveland Cavaliers,4-0
2009,Eastern,Conf Semis,Boston Celtics,2,-120,Orlando Magic,3,+100,Orlando Magic,4-3
2009,Western,Conf Semis,Los Angeles Lakers,1,-1100,Houston Rockets,5,+700,Los Angeles Lakers,4-3
2009,Western,Conf Semis,Denver Nuggets,2,-240,Dallas Mavericks,6,+200,Denver Nuggets,4-1
2009,Eastern,Round 1,Cleveland Cavaliers,1,-5000,Detroit Pistons,8,+3000,Cleveland Cavaliers,4-0
2009,Eastern,Round 1,Boston Celtics,2,-545,Chicago Bulls,7,+405,Boston Celtics,4-3
2009,Eastern,Round 1,Orlando Magic,3,-1400,Philadelphia 76ers,6,+800,Orlando Magic,4-2
2009,Eastern,Round 1,Atlanta Hawks,4,-145,Miami Heat,5,+125,Atlanta Hawks,4-3
2009,Western,Round 1,Los Angeles Lakers,1,-2000,Utah Jazz,8,+1200,Los Angeles Lakers,4-1
2009,Western,Round 1,Denver Nuggets,2,-210,New Orleans Hornets,7,+175,Denver Nuggets,4-1
2009,Western,Round 1,San Antonio Spurs,3,-190,Dallas Mavericks,6,+160,Dallas Mavericks,4-1
2009,Western,Round 1,Portland Trail Blazers,4,-175,Houston Rockets,5,+150,Houston Rockets,4-2
2008,,NBA Finals,Boston Celtics,1,+160,Los Angeles Lakers,1,-180,Boston Celtics,4-2
2008,Eastern,Conf Finals,Boston Celtics,1,-135,Detroit Pistons,2,+115,Boston Celtics,4-2
2008,Western,Conf Finals,Los Angeles Lakers,1,-250,San Antonio Spurs,3,+210,Los Angeles Lakers,4-1
2008,Eastern,Conf Semis,Boston Celtics,1,-900,Cleveland Cavaliers,4,+600,Boston Celtics,4-3
2008,Eastern,Conf Semis,Detroit Pistons,2,-305,Orlando Magic,3,+255,Detroit Pistons,4-1
2008,Western,Conf Semis,Los Angeles Lakers,1,-350,Utah Jazz,4,+290,Los Angeles Lakers,4-2
2008,Western,Conf Semis,New Orleans Hornets,2,+115,San Antonio Spurs,6,-135,San Antonio Spurs,4-3
2008,Eastern,Round 1,Boston Celtics,1,-8000,Atlanta Hawks,8,+4000,Boston Celtics,4-3
2008,Eastern,Round 1,Detroit Pistons,2,-1300,Philadelphia 76ers,7,+850,Detroit Pistons,4-2
2008,Eastern,Round 1,Orlando Magic,3,-310,Toronto Raptors,6,+260,Orlando Magic,4-1
2008,Eastern,Round 1,Cleveland Cavaliers,4,-115,Washington Wizards,5,-105,Cleveland Cavaliers,4-2
2008,Western,Round 1,Los Angeles Lakers,1,-560,Denver Nuggets,8,+460,Los Angeles Lakers,4-0
2008,Western,Round 1,New Orleans Hornets,2,-145,Dallas Mavericks,7,+125,New Orleans Hornets,4-1
2008,Western,Round 1,San Antonio Spurs,3,-140,Phoenix Suns,6,+120,San Antonio Spurs,4-1
2008,Western,Round 1,Houston Rockets,5,+185,Utah Jazz,4,-215,Utah Jazz,4-2
2007,,NBA Finals,San Antonio Spurs,3,-450,Cleveland Cavaliers,2,+360,San Antonio Spurs,4-0
2007,Eastern,Conf Finals,Detroit Pistons,1,-330,Cleveland Cavaliers,2,+270,Cleveland Cavaliers,4-2
2007,Western,Conf Finals,San Antonio Spurs,3,-440,Utah Jazz,4,+350,San Antonio Spurs,4-1
2007,Eastern,Conf Semis,Detroit Pistons,1,-175,Chicago Bulls,5,+155,Detroit Pistons,4-2
2007,Eastern,Conf Semis,Cleveland Cavaliers,2,-260,New Jersey Nets,6,+220,Cleveland Cavaliers,4-2
2007,Western,Conf Semis,Phoenix Suns,2,-150,San Antonio Spurs,3,+130,San Antonio Spurs,4-2
2007,Western,Conf Semis,Utah Jazz,4,-135,Golden State Warriors,8,+115,Utah Jazz,4-1
2007,Eastern,Round 1,Detroit Pistons,1,-2200,Orlando Magic,8,+1400,Detroit Pistons,4-0
2007,Eastern,Round 1,Cleveland Cavaliers,2,-2400,Washington Wizards,7,+1600,Cleveland Cavaliers,4-0
2007,Eastern,Round 1,Toronto Raptors,3,-165,New Jersey Nets,6,+145,New Jersey Nets,4-2
2007,Eastern,Round 1,Chicago Bulls,5,-140,Miami Heat,4,+120,Chicago Bulls,4-0
2007,Western,Round 1,Dallas Mavericks,1,-1800,Golden State Warriors,8,+1200,Golden State Warriors,4-2
2007,Western,Round 1,Phoenix Suns,2,-1600,Los Angeles Lakers,7,+1000,Phoenix Suns,4-1
2007,Western,Round 1,San Antonio Spurs,3,-750,Denver Nuggets,6,+550,San Antonio Spurs,4-1
2007,Western,Round 1,Houston Rockets,5,-240,Utah Jazz,4,+200,Utah Jazz,4-3
2006,,NBA Finals,Dallas Mavericks,4,-150,Miami Heat,2,+130,Miami Heat,4-2
2006,Eastern,Conf Finals,Detroit Pistons,1,-245,Miami Heat,2,+205,Miami Heat,4-2
2006,Western,Conf Finals,Dallas Mavericks,4,-355,Phoenix Suns,2,+295,Dallas Mavericks,4-2
2006,Eastern,Conf Semis,Detroit Pistons,1,-2000,Cleveland Cavaliers,4,+1200,Detroit Pistons,4-2
2006,Eastern,Conf Semis,Miami Heat,2,-190,New Jersey Nets,3,+160,Miami Heat,4-1
2006,Western,Conf Semis,San Antonio Spurs,1,-180,Dallas Mavericks,4,+150,Dallas Mavericks,4-3
2006,Western,Conf Semis,Phoenix Suns,2,-205,Los Angeles Clippers,6,+185,Phoenix Suns,4-3
2006,Eastern,Round 1,Detroit Pistons,1,-5500,Milwaukee Bucks,8,+3250,Detroit Pistons,4-1
2006,Eastern,Round 1,Miami Heat,2,-850,Chicago Bulls,7,+625,Miami Heat,4-2
2006,Eastern,Round 1,New Jersey Nets,3,-325,Indiana Pacers,6,+275,New Jersey Nets,4-2
2006,Eastern,Round 1,Cleveland Cavaliers,4,-180,Washington Wizards,5,+160,Cleveland Cavaliers,4-2
2006,Western,Round 1,San Antonio Spurs,1,-1050,Sacramento Kings,8,+725,San Antonio Spurs,4-2
2006,Western,Round 1,Phoenix Suns,2,-360,Los Angeles Lakers,7,+300,Phoenix Suns,4-3
2006,Western,Round 1,Dallas Mavericks,4,-725,Memphis Grizzlies,5,+525,Dallas Mavericks,4-0
2006,Western,Round 1,Los Angeles Clippers,6,-185,Denver Nuggets,3,+145,Los Angeles Clippers,4-1
2005,,NBA Finals,San Antonio Spurs,2,-250,Detroit Pistons,2,+200,San Antonio Spurs,4-3
2005,Eastern,Conf Finals,Miami Heat,1,-130,Detroit Pistons,2,+110,Detroit Pistons,4-3
2005,Western,Conf Finals,Phoenix Suns,1,+140,San Antonio Spurs,2,-160,San Antonio Spurs,4-1
2005,Eastern,Conf Semis,Miami Heat,1,-1800,Washington Wizards,5,+1200,Miami Heat,4-0
2005,Eastern,Conf Semis,Detroit Pistons,2,-1100,Indiana Pacers,6,+700,Detroit Pistons,4-2
2005,Western,Conf Semis,Phoenix Suns,1,-300,Dallas Mavericks,4,+220,Phoenix Suns,4-2
2005,Western,Conf Semis,San Antonio Spurs,2,-1200,Seattle SuperSonics,3,+800,San Antonio Spurs,4-2
2005,Eastern,Round 1,Miami Heat,1,-1200,New Jersey Nets,8,+800,Miami Heat,4-0
2005,Eastern,Round 1,Detroit Pistons,2,-1200,Philadelphia 76ers,7,+800,Detroit Pistons,4-1
2005,Eastern,Round 1,Boston Celtics,3,-135,Indiana Pacers,6,+115,Indiana Pacers,4-3
2005,Eastern,Round 1,Chicago Bulls,4,-145,Washington Wizards,5,+125,Washington Wizards,4-2
2005,Western,Round 1,Phoenix Suns,1,-1200,Memphis Grizzlies,8,+800,Phoenix Suns,4-0
2005,Western,Round 1,San Antonio Spurs,2,-500,Denver Nuggets,7,+400,San Antonio Spurs,4-1
2005,Western,Round 1,Seattle SuperSonics,3,+100,Sacramento Kings,6,-120,Seattle SuperSonics,4-1
2005,Western,Round 1,Dallas Mavericks,4,-220,Houston Rockets,5,+180,Dallas Mavericks,4-3
2004,,NBA Finals,Los Angeles Lakers,2,-700,Detroit Pistons,3,+500,Detroit Pistons,4-1
2004,Eastern,Conf Finals,Indiana Pacers,1,-165,Detroit Pistons,3,+145,Detroit Pistons,4-2
2004,Western,Conf Finals,Minnesota Timberwolves,1,+270,Los Angeles Lakers,2,-330,Los Angeles Lakers,4-2
2004,Eastern,Conf Semis,Indiana Pacers,1,-2200,Miami Heat,4,+1500,Indiana Pacers,4-2
2004,Eastern,Conf Semis,Detroit Pistons,3,-180,New Jersey Nets,2,+160,Detroit Pistons,4-3
2004,Western,Conf Semis,Minnesota Timberwolves,1,-220,Sacramento Kings,4,+170,Minnesota Timberwolves,4-3
2004,Western,Conf Semis,San Antonio Spurs,3,-140,Los Angeles Lakers,2,+120,Los Angeles Lakers,4-2
2004,Eastern,Round 1,Indiana Pacers,1,-1980,Boston Celtics,8,+1520,Indiana Pacers,4-0
2004,Eastern,Round 1,New Jersey Nets,2,-580,New York Knicks,7,+500,New Jersey Nets,4-0
2004,Eastern,Round 1,Detroit Pistons,3,-1780,Milwaukee Bucks,6,+1430,Detroit Pistons,4-1
2004,Eastern,Round 1,Miami Heat,4,-277,New Orleans Hornets,5,+243,Miami Heat,4-3
2004,Western,Round 1,Minnesota Timberwolves,1,-1920,Denver Nuggets,8,+1540,Minnesota Timberwolves,4-1
2004,Western,Round 1,Los Angeles Lakers,2,-1080,Houston Rockets,7,+920,Los Angeles Lakers,4-1
2004,Western,Round 1,San Antonio Spurs,3,-1080,Memphis Grizzlies,6,+920,San Antonio Spurs,4-0
2004,Western,Round 1,Sacramento Kings,4,-164,Dallas Mavericks,5,+148,Sacramento Kings,4-1
2003,,NBA Finals,San Antonio Spurs,1,-330,New Jersey Nets,2,+260,San Antonio Spurs,4-2
2003,Eastern,Conf Finals,Detroit Pistons,1,+250,New Jersey Nets,2,-300,New Jersey Nets,4-0
2003,Western,Conf Finals,San Antonio Spurs,1,-380,Dallas Mavericks,3,+320,San Antonio Spurs,4-2
2003,Eastern,Conf Semis,Detroit Pistons,1,+130,Philadelphia 76ers,4,-150,Detroit Pistons,4-2
2003,Eastern,Conf Semis,New Jersey Nets,2,-380,Boston Celtics,6,+320,New Jersey Nets,4-0
2003,Western,Conf Semis,San Antonio Spurs,1,+125,Los Angeles Lakers,5,-145,San Antonio Spurs,4-2
2003,Western,Conf Semis,Dallas Mavericks,3,+240,Sacramento Kings,2,-280,Dallas Mavericks,4-3
2003,Eastern,Round 1,Detroit Pistons,1,-220,Orlando Magic,8,+180,Detroit Pistons,4-3
2003,Eastern,Round 1,New Jersey Nets,2,-280,Milwaukee Bucks,7,+230,New Jersey Nets,4-2
2003,Eastern,Round 1,Indiana Pacers,3,-340,Boston Celtics,6,+280,Boston Celtics,4-2
2003,Eastern,Round 1,Philadelphia 76ers,4,-179,New Orleans Hornets,5,+150,Philadelphia 76ers,4-2
2003,Western,Round 1,San Antonio Spurs,1,-1000,Phoenix Suns,8,+700,San Antonio Spurs,4-2
2003,Western,Round 1,Sacramento Kings,2,-1400,Utah Jazz,7,+1000,Sacramento Kings,4-1
2003,Western,Round 1,Dallas Mavericks,3,-400,Portland Trail Blazers,6,+320,Dallas Mavericks,4-3
2003,Western,Round 1,Minnesota Timberwolves,4,+320,Los Angeles Lakers,5,-400,Los Angeles Lakers,4-2
2002,,NBA Finals,Los Angeles Lakers,3,-750,New Jersey Nets,1,+550,Los Angeles Lakers,4-0
2002,Eastern,Conf Finals,New Jersey Nets,1,-135,Boston Celtics,3,+115,New Jersey Nets,4-2
2002,Western,Conf Finals,Sacramento Kings,1,+190,Los Angeles Lakers,3,-230,Los Angeles Lakers,4-3
2002,Eastern,Conf Semis,New Jersey Nets,1,-160,Charlotte Hornets,4,+140,New Jersey Nets,4-1
2002,Eastern,Conf Semis,Detroit Pistons,2,-125,Boston Celtics,3,+105,Boston Celtics,4-1
2002,Western,Conf Semis,Sacramento Kings,1,-155,Dallas Mavericks,4,+135,Sacramento Kings,4-1
2002,Western,Conf Semis,Los Angeles Lakers,3,-650,San Antonio Spurs,2,+450,Los Angeles Lakers,4-1
2002,Eastern,Round 1,New Jersey Nets,1,-400,Indiana Pacers,8,+300,New Jersey Nets,3-2
2002,Eastern,Round 1,Detroit Pistons,2,-450,Toronto Raptors,7,+325,Detroit Pistons,3-2
2002,Eastern,Round 1,Boston Celtics,3,-200,Philadelphia 76ers,6,+170,Boston Celtics,3-2
2002,Eastern,Round 1,Charlotte Hornets,4,-300,Orlando Magic,5,+250,Charlotte Hornets,3-1
2002,Western,Round 1,Sacramento Kings,1,-2000,Utah Jazz,8,+1400,Sacramento Kings,3-1
2002,Western,Round 1,San Antonio Spurs,2,-750,Seattle SuperSonics,7,+550,San Antonio Spurs,3-2
2002,Western,Round 1,Los Angeles Lakers,3,-600,Portland Trail Blazers,6,+450,Los Angeles Lakers,3-0
2002,Western,Round 1,Dallas Mavericks,4,-500,Minnesota Timberwolves,5,+400,Dallas Mavericks,3-0
2001,,NBA Finals,Los Angeles Lakers,2,-2000,Philadelphia 76ers,1,+1600,Los Angeles Lakers,4-1
2001,Eastern,Conf Finals,Philadelphia 76ers,1,-180,Milwaukee Bucks,2,+160,Philadelphia 76ers,4-3
2001,Western,Conf Finals,San Antonio Spurs,1,+125,Los Angeles Lakers,2,-145,Los Angeles Lakers,4-0
2001,Eastern,Conf Semis,Philadelphia 76ers,1,-340,Toronto Raptors,5,+280,Philadelphia 76ers,4-3
2001,Eastern,Conf Semis,Milwaukee Bucks,2,-230,Charlotte Hornets,6,+190,Milwaukee Bucks,4-3
2001,Western,Conf Semis,San Antonio Spurs,1,-650,Dallas Mavericks,5,+450,San Antonio Spurs,4-1
2001,Western,Conf Semis,Los Angeles Lakers,2,-360,Sacramento Kings,3,+290,Los Angeles Lakers,4-0
2001,Eastern,Round 1,Philadelphia 76ers,1,-600,Indiana Pacers,8,+400,Philadelphia 76ers,3-1
2001,Eastern,Round 1,Milwaukee Bucks,2,-500,Orlando Magic,7,+350,Milwaukee Bucks,3-1
2001,Eastern,Round 1,Miami Heat,3,-180,Charlotte Hornets,6,+160,Charlotte Hornets,3-0
2001,Eastern,Round 1,New York Knicks,4,-170,Toronto Raptors,5,+150,Toronto Raptors,3-2
2001,Western,Round 1,San Antonio Spurs,1,-900,Minnesota Timberwolves,8,+600,San Antonio Spurs,3-1
2001,Western,Round 1,Los Angeles Lakers,2,-400,Portland Trail Blazers,7,+300,Los Angeles Lakers,3-0
2001,Western,Round 1,Sacramento Kings,3,-400,Phoenix Suns,6,+300,Sacramento Kings,3-1
2001,Western,Round 1,Utah Jazz,4,-180,Dallas Mavericks,5,+160,Dallas Mavericks,3-2
2000,,NBA Finals,Los Angeles Lakers,1,-800,Indiana Pacers,1,+550,Los Angeles Lakers,4-2
2000,Eastern,Conf Finals,Indiana Pacers,1,-260,New York Knicks,3,+220,Indiana Pacers,4-2
2000,Western,Conf Finals,Los Angeles Lakers,1,-340,Portland Trail Blazers,3,+280,Los Angeles Lakers,4-3
2000,Eastern,Conf Semis,Indiana Pacers,1,-185,Philadelphia 76ers,5,+165,Indiana Pacers,4-2
2000,Eastern,Conf Semis,Miami Heat,2,-155,New York Knicks,3,+135,New York Knicks,4-3
2000,Western,Conf Semis,Los Angeles Lakers,1,-2200,Phoenix Suns,5,+1500,Los Angeles Lakers,4-1
2000,Western,Conf Semis,Portland Trail Blazers,3,-240,Utah Jazz,2,+190,Portland Trail Blazers,4-1
2000,Eastern,Round 1,Indiana Pacers,1,-800,Milwaukee Bucks,8,+550,Indiana Pacers,3-2
2000,Eastern,Round 1,Miami Heat,2,N/A,Detroit Pistons,7,N/A,Miami Heat,3-0
2000,Eastern,Round 1,New York Knicks,3,-230,Toronto Raptors,6,+190,New York Knicks,3-0
2000,Eastern,Round 1,Charlotte Hornets,4,-140,Philadelphia 76ers,5,+120,Philadelphia 76ers,3-1
2000,Western,Round 1,Los Angeles Lakers,1,-2000,Sacramento Kings,8,+1200,Los Angeles Lakers,3-2
2000,Western,Round 1,Utah Jazz,2,-650,Seattle SuperSonics,7,+450,Utah Jazz,3-2
2000,Western,Round 1,Portland Trail Blazers,3,-330,Minnesota Timberwolves,6,+250,Portland Trail Blazers,3-1
2000,Western,Round 1,San Antonio Spurs,4,N/A,Phoenix Suns,5,N/A,Phoenix Suns,3-1
1999,,NBA Finals,San Antonio Spurs,1,-900,New York Knicks,8,+600,San Antonio Spurs,4-1
1999,Eastern,Conf Finals,Indiana Pacers,2,-240,New York Knicks,8,+200,New York Knicks,4-2
1999,Western,Conf Finals,San Antonio Spurs,1,-200,Portland Trail Blazers,2,+170,San Antonio Spurs,4-0
1999,Eastern,Conf Semis,Indiana Pacers,2,-400,Philadelphia 76ers,6,+300,Indiana Pacers,4-0
1999,Eastern,Conf Semis,Atlanta Hawks,4,-135,New York Knicks,8,+115,New York Knicks,4-0
1999,Western,Conf Semis,San Antonio Spurs,1,-220,Los Angeles Lakers,4,+180,San Antonio Spurs,4-0
1999,Western,Conf Semis,Utah Jazz,3,-125,Portland Trail Blazers,2,+105,Portland Trail Blazers,4-2
1999,Eastern,Round 1,Miami Heat,1,-280,New York Knicks,8,+230,New York Knicks,3-2
1999,Eastern,Round 1,Indiana Pacers,2,-400,Milwaukee Bucks,7,+300,Indiana Pacers,3-0
1999,Eastern,Round 1,Orlando Magic,3,-210,Philadelphia 76ers,6,+175,Philadelphia 76ers,3-1
1999,Eastern,Round 1,Atlanta Hawks,4,-160,Detroit Pistons,5,+140,Atlanta Hawks,3-2
1999,Western,Round 1,San Antonio Spurs,1,-1500,Minnesota Timberwolves,8,+1000,San Antonio Spurs,3-1
1999,Western,Round 1,Portland Trail Blazers,2,-500,Phoenix Suns,7,+350,Portland Trail Blazers,3-0
1999,Western,Round 1,Utah Jazz,3,-1000,Sacramento Kings,6,+700,Utah Jazz,3-2
1999,Western,Round 1,Los Angeles Lakers,4,-165,Houston Rockets,5,+145,Los Angeles Lakers,3-1
1998,,NBA Finals,Utah Jazz,1,+105,Chicago Bulls,1,-125,Chicago Bulls,4-2
1998,Eastern,Conf Finals,Chicago Bulls,1,-600,Indiana Pacers,3,+400,Chicago Bulls,4-3
1998,Western,Conf Finals,Utah Jazz,1,+110,Los Angeles Lakers,3,-130,Utah Jazz,4-0
1998,Eastern,Conf Semis,Chicago Bulls,1,-2000,Charlotte Hornets,4,+1400,Chicago Bulls,4-1
1998,Eastern,Conf Semis,Indiana Pacers,3,-1100,New York Knicks,7,+700,Indiana Pacers,4-1
1998,Western,Conf Semis,Utah Jazz,1,-270,San Antonio Spurs,5,+210,Utah Jazz,4-1
1998,Western,Conf Semis,Seattle SuperSonics,2,-105,Los Angeles Lakers,3,-115,Los Angeles Lakers,4-1
1998,Eastern,Round 1,Chicago Bulls,1,-2500,New Jersey Nets,8,+1800,Chicago Bulls,3-0
1998,Eastern,Round 1,Miami Heat,2,-500,New York Knicks,7,+350,New York Knicks,3-2
1998,Eastern,Round 1,Indiana Pacers,3,-450,Cleveland Cavaliers,6,+325,Indiana Pacers,3-1
1998,Eastern,Round 1,Charlotte Hornets,4,-120,Atlanta Hawks,5,+100,Charlotte Hornets,3-1
1998,Western,Round 1,Utah Jazz,1,-850,Houston Rockets,8,+525,Utah Jazz,3-2
1998,Western,Round 1,Seattle SuperSonics,2,-2000,Minnesota Timberwolves,7,+1400,Seattle SuperSonics,3-2
1998,Western,Round 1,Los Angeles Lakers,3,-550,Portland Trail Blazers,6,+375,Los Angeles Lakers,3-1
1998,Western,Round 1,Phoenix Suns,4,-135,San Antonio Spurs,5,+115,San Antonio Spurs,3-1
1997,,NBA Finals,Chicago Bulls,1,-600,Utah Jazz,1,+400,Chicago Bulls,4-2
1997,Eastern,Conf Finals,Chicago Bulls,1,-1700,Miami Heat,2,+1100,Chicago Bulls,4-1
1997,Western,Conf Finals,Utah Jazz,1,-220,Houston Rockets,3,+180,Utah Jazz,4-2
1997,Eastern,Conf Semis,Chicago Bulls,1,-1700,Atlanta Hawks,4,+1100,Chicago Bulls,4-1
1997,Eastern,Conf Semis,Miami Heat,2,-145,New York Knicks,3,+125,Miami Heat,4-3
1997,Western,Conf Semis,Utah Jazz,1,-270,Los Angeles Lakers,4,+210,Utah Jazz,4-1
1997,Western,Conf Semis,Houston Rockets,3,-130,Seattle SuperSonics,2,+110,Houston Rockets,4-3
1997,Eastern,Round 1,Chicago Bulls,1,-2500,Washington Bullets,8,+1800,Chicago Bulls,3-0
1997,Eastern,Round 1,Miami Heat,2,-400,Orlando Magic,7,+300,Miami Heat,3-2
1997,Eastern,Round 1,New York Knicks,3,-250,Charlotte Hornets,6,+200,New York Knicks,3-0
1997,Eastern,Round 1,Atlanta Hawks,4,-170,Detroit Pistons,5,+150,Atlanta Hawks,3-2
1997,Western,Round 1,Utah Jazz,1,-3300,Los Angeles Clippers,8,+2200,Utah Jazz,3-0
1997,Western,Round 1,Seattle SuperSonics,2,-650,Phoenix Suns,7,+450,Seattle SuperSonics,3-2
1997,Western,Round 1,Houston Rockets,3,-1300,Minnesota Timberwolves,6,+800,Houston Rockets,3-0
1997,Western,Round 1,Los Angeles Lakers,4,-330,Portland Trail Blazers,5,+250,Los Angeles Lakers,3-1
1996,,NBA Finals,Chicago Bulls,1,-950,Seattle SuperSonics,2,+650,Chicago Bulls,4-2
1996,Eastern,Conf Finals,Chicago Bulls,1,-500,Orlando Magic,2,+350,Chicago Bulls,4-0
1996,Western,Conf Finals,Seattle SuperSonics,1,-270,Utah Jazz,3,+210,Seattle SuperSonics,4-3
1996,Eastern,Conf Semis,Chicago Bulls,1,-3500,New York Knicks,5,+2200,Chicago Bulls,4-1
1996,Eastern,Conf Semis,Orlando Magic,2,-1800,Atlanta Hawks,6,+1400,Orlando Magic,4-1
1996,Western,Conf Semis,Seattle SuperSonics,1,-200,Houston Rockets,5,+170,Seattle SuperSonics,4-0
1996,Western,Conf Semis,San Antonio Spurs,2,-220,Utah Jazz,3,+180,Utah Jazz,4-2
1996,Eastern,Round 1,Chicago Bulls,1,-2500,Miami Heat,8,+1800,Chicago Bulls,3-0
1996,Eastern,Round 1,Orlando Magic,2,-1500,Detroit Pistons,7,+1000,Orlando Magic,3-0
1996,Eastern,Round 1,Indiana Pacers,3,-140,Atlanta Hawks,6,+120,Atlanta Hawks,3-2
1996,Eastern,Round 1,Cleveland Cavaliers,4,-185,New York Knicks,5,+165,New York Knicks,3-0
1996,Western,Round 1,Seattle SuperSonics,1,-2200,Sacramento Kings,8,+1500,Seattle SuperSonics,3-1
1996,Western,Round 1,San Antonio Spurs,2,-500,Phoenix Suns,7,+350,San Antonio Spurs,3-1
1996,Western,Round 1,Utah Jazz,3,-400,Portland Trail Blazers,6,+300,Utah Jazz,3-2
1996,Western,Round 1,Los Angeles Lakers,4,-145,Houston Rockets,5,+125,Houston Rockets,3-1
1995,,NBA Finals,Orlando Magic,1,-150,Houston Rockets,6,+130,Houston Rockets,4-0
1995,Eastern,Conf Finals,Orlando Magic,1,-200,Indiana Pacers,2,+170,Orlando Magic,4-3
1995,Western,Conf Finals,San Antonio Spurs,1,-330,Houston Rockets,6,+250,Houston Rockets,4-2
1995,Eastern,Conf Semis,Orlando Magic,1,+165,Chicago Bulls,5,-185,Orlando Magic,4-2
1995,Eastern,Conf Semis,New York Knicks,3,-140,Indiana Pacers,2,+120,Indiana Pacers,4-3
1995,Western,Conf Semis,San Antonio Spurs,1,-600,Los Angeles Lakers,5,+400,San Antonio Spurs,4-2
1995,Western,Conf Semis,Phoenix Suns,2,-270,Houston Rockets,6,+210,Houston Rockets,4-3
1995,Eastern,Round 1,Orlando Magic,1,-950,Boston Celtics,8,+650,Orlando Magic,3-1
1995,Eastern,Round 1,Indiana Pacers,2,-360,Atlanta Hawks,7,+280,Indiana Pacers,3-0
1995,Eastern,Round 1,New York Knicks,3,-400,Cleveland Cavaliers,6,+300,New York Knicks,3-1
1995,Eastern,Round 1,Charlotte Hornets,4,+280,Chicago Bulls,5,-360,Chicago Bulls,3-1
1995,Western,Round 1,San Antonio Spurs,1,-600,Denver Nuggets,8,+400,San Antonio Spurs,3-0
1995,Western,Round 1,Phoenix Suns,2,-400,Portland Trail Blazers,7,+300,Phoenix Suns,3-0
1995,Western,Round 1,Utah Jazz,3,-270,Houston Rockets,6,+210,Houston Rockets,3-2
1995,Western,Round 1,Seattle SuperSonics,4,-400,Los Angeles Lakers,5,+300,Los Angeles Lakers,3-1
1994,,NBA Finals,Houston Rockets,2,-220,New York Knicks,2,+180,Houston Rockets,4-3
1994,Eastern,Conf Finals,New York Knicks,2,-200,Indiana Pacers,5,+170,New York Knicks,4-3
1994,Western,Conf Finals,Houston Rockets,2,-270,Utah Jazz,5,+210,Houston Rockets,4-1
1994,Eastern,Conf Semis,Atlanta Hawks,1,-160,Indiana Pacers,5,+140,Indiana Pacers,4-2
1994,Eastern,Conf Semis,New York Knicks,2,-180,Chicago Bulls,3,+160,New York Knicks,4-3
1994,Western,Conf Semis,Houston Rockets,2,-120,Phoenix Suns,3,+100,Houston Rockets,4-3
1994,Western,Conf Semis,Utah Jazz,5,-650,Denver Nuggets,8,+450,Utah Jazz,4-3
1994,Eastern,Round 1,Atlanta Hawks,1,-360,Miami Heat,8,+280,Atlanta Hawks,3-2
1994,Eastern,Round 1,New York Knicks,2,-360,New Jersey Nets,7,+280,New York Knicks,3-1
1994,Eastern,Round 1,Chicago Bulls,3,-250,Cleveland Cavaliers,6,+200,Chicago Bulls,3-0
1994,Eastern,Round 1,Orlando Magic,4,-170,Indiana Pacers,5,+150,Indiana Pacers,3-0
1994,Western,Round 1,Seattle SuperSonics,1,-2000,Denver Nuggets,8,+1400,Denver Nuggets,3-2
1994,Western,Round 1,Houston Rockets,2,-270,Portland Trail Blazers,7,+210,Houston Rockets,3-1
1994,Western,Round 1,Phoenix Suns,3,-360,Golden State Warriors,6,+280,Phoenix Suns,3-0
1994,Western,Round 1,San Antonio Spurs,4,-200,Utah Jazz,5,+170,Utah Jazz,3-1
1993,,NBA Finals,Phoenix Suns,1,+190,Chicago Bulls,2,-240,Chicago Bulls,4-2
1993,Eastern,Conf Finals,New York Knicks,1,+130,Chicago Bulls,2,-150,Chicago Bulls,4-2
1993,Western,Conf Finals,Phoenix Suns,1,-330,Seattle SuperSonics,3,+250,Phoenix Suns,4-3
1993,Eastern,Conf Semis,New York Knicks,1,N/A,Charlotte Hornets,5,N/A,New York Knicks,4-1
1993,Eastern,Conf Semis,Chicago Bulls,2,-500,Cleveland Cavaliers,3,+350,Chicago Bulls,4-0
1993,Western,Conf Semis,Phoenix Suns,1,-650,San Antonio Spurs,5,+450,Phoenix Suns,4-2
1993,Western,Conf Semis,Seattle SuperSonics,3,-135,Houston Rockets,2,+115,Seattle SuperSonics,4-3
1993,Eastern,Round 1,New York Knicks,1,-900,Indiana Pacers,8,+600,New York Knicks,3-1
1993,Eastern,Round 1,Chicago Bulls,2,-1200,Atlanta Hawks,7,+800,Chicago Bulls,3-0
1993,Eastern,Round 1,Cleveland Cavaliers,3,-700,New Jersey Nets,6,+500,Cleveland Cavaliers,3-2
1993,Eastern,Round 1,Boston Celtics,4,-165,Charlotte Hornets,5,+145,Charlotte Hornets,3-1
1993,Western,Round 1,Phoenix Suns,1,-3000,Los Angeles Lakers,8,+2000,Phoenix Suns,3-2
1993,Western,Round 1,Houston Rockets,2,-600,Los Angeles Clippers,7,+400,Houston Rockets,3-2
1993,Western,Round 1,Seattle SuperSonics,3,-350,Utah Jazz,6,+275,Seattle SuperSonics,3-2
1993,Western,Round 1,Portland Trail Blazers,4,-250,San Antonio Spurs,5,+200,San Antonio Spurs,3-1
1992,,NBA Finals,Chicago Bulls,1,-250,Portland Trail Blazers,1,+200,Chicago Bulls,4-2
1992,Eastern,Conf Finals,Chicago Bulls,1,-650,Cleveland Cavaliers,3,+450,Chicago Bulls,4-2
1992,Western,Conf Finals,Portland Trail Blazers,1,-360,Utah Jazz,2,+280,Portland Trail Blazers,4-2
1992,Eastern,Conf Semis,Chicago Bulls,1,-2500,New York Knicks,4,+1700,Chicago Bulls,4-3
1992,Eastern,Conf Semis,Cleveland Cavaliers,3,-170,Boston Celtics,2,+130,Cleveland Cavaliers,4-3
1992,Western,Conf Semis,Portland Trail Blazers,1,-500,Phoenix Suns,4,+350,Portland Trail Blazers,4-1
1992,Western,Conf Semis,Utah Jazz,2,-200,Seattle SuperSonics,6,+160,Utah Jazz,4-1
1992,Eastern,Round 1,Chicago Bulls,1,-10000,Miami Heat,8,+7500,Chicago Bulls,3-0
1992,Eastern,Round 1,Boston Celtics,2,-550,Indiana Pacers,7,+350,Boston Celtics,3-0
1992,Eastern,Round 1,Cleveland Cavaliers,3,-850,New Jersey Nets,6,+550,Cleveland Cavaliers,3-1
1992,Eastern,Round 1,New York Knicks,4,-160,Detroit Pistons,5,+120,New York Knicks,3-2
1992,Western,Round 1,Portland Trail Blazers,1,-2000,Los Angeles Lakers,8,+1500,Portland Trail Blazers,3-1
1992,Western,Round 1,Utah Jazz,2,-450,Los Angeles Clippers,7,+325,Utah Jazz,3-2
1992,Western,Round 1,Golden State Warriors,3,-270,Seattle SuperSonics,6,+210,Seattle SuperSonics,3-1
1992,Western,Round 1,Phoenix Suns,4,-1500,San Antonio Spurs,5,+1000,Phoenix Suns,3-0
1991,,NBA Finals,Chicago Bulls,1,-200,Los Angeles Lakers,3,+170,Chicago Bulls,4-1
1991,Eastern,Conf Finals,Chicago Bulls,1,-270,Detroit Pistons,3,+210,Chicago Bulls,4-0
1991,Western,Conf Finals,Portland Trail Blazers,1,-190,Los Angeles Lakers,3,+150,Los Angeles Lakers,4-2
1991,Eastern,Conf Semis,Chicago Bulls,1,-500,Philadelphia 76ers,5,+350,Chicago Bulls,4-1
1991,Eastern,Conf Semis,Boston Celtics,2,-270,Detroit Pistons,3,+210,Detroit Pistons,4-2
1991,Western,Conf Semis,Portland Trail Blazers,1,-650,Utah Jazz,5,+450,Portland Trail Blazers,4-1
1991,Western,Conf Semis,Los Angeles Lakers,3,-800,Golden State Warriors,7,+550,Los Angeles Lakers,4-1
1991,Eastern,Round 1,Chicago Bulls,1,-1200,New York Knicks,8,+800,Chicago Bulls,3-0
1991,Eastern,Round 1,Boston Celtics,2,-900,Indiana Pacers,7,+600,Boston Celtics,3-2
1991,Eastern,Round 1,Detroit Pistons,3,-400,Atlanta Hawks,6,+300,Detroit Pistons,3-2
1991,Eastern,Round 1,Milwaukee Bucks,4,-180,Philadelphia 76ers,5,+140,Philadelphia 76ers,3-0
1991,Western,Round 1,Portland Trail Blazers,1,-1200,Seattle SuperSonics,8,+800,Portland Trail Blazers,3-2
1991,Western,Round 1,San Antonio Spurs,2,-500,Golden State Warriors,7,+350,Golden State Warriors,3-1
1991,Western,Round 1,Los Angeles Lakers,3,-360,Houston Rockets,6,+280,Los Angeles Lakers,3-0
1991,Western,Round 1,Phoenix Suns,4,-360,Utah Jazz,5,+280,Utah Jazz,3-1
1990,,NBA Finals,Detroit Pistons,1,-400,Portland Trail Blazers,3,+300,Detroit Pistons,4-1
1990,Eastern,Conf Finals,Detroit Pistons,1,-280,Chicago Bulls,3,+220,Detroit Pistons,4-3
1990,Western,Conf Finals,Portland Trail Blazers,3,+100,Phoenix Suns,5,-120,Portland Trail Blazers,4-2
1990,Eastern,Conf Semis,Detroit Pistons,1,-1500,New York Knicks,5,+1000,Detroit Pistons,4-1
1990,Eastern,Conf Semis,Chicago Bulls,3,-160,Philadelphia 76ers,2,+140,Chicago Bulls,4-1
1990,Western,Conf Semis,Los Angeles Lakers,1,-700,Phoenix Suns,5,+500,Phoenix Suns,4-1
1990,Western,Conf Semis,Portland Trail Blazers,3,-200,San Antonio Spurs,2,+170,Portland Trail Blazers,4-3
1990,Eastern,Round 1,Detroit Pistons,1,-1200,Indiana Pacers,8,+800,Detroit Pistons,3-0
1990,Eastern,Round 1,Philadelphia 76ers,2,-450,Cleveland Cavaliers,7,+325,Philadelphia 76ers,3-2
1990,Eastern,Round 1,Chicago Bulls,3,-650,Milwaukee Bucks,6,+450,Chicago Bulls,3-1
1990,Eastern,Round 1,Boston Celtics,4,-450,New York Knicks,5,+325,New York Knicks,3-2
1990,Western,Round 1,Los Angeles Lakers,1,-1200,Houston Rockets,8,+800,Los Angeles Lakers,3-1
1990,Western,Round 1,San Antonio Spurs,2,-500,Denver Nuggets,7,+350,San Antonio Spurs,3-0
1990,Western,Round 1,Portland Trail Blazers,3,-600,Dallas Mavericks,6,+400,Portland Trail Blazers,3-0
1990,Western,Round 1,Utah Jazz,4,-160,Phoenix Suns,5,+140,Phoenix Suns,3-2
1989,,NBA Finals,Detroit Pistons,1,+100,Los Angeles Lakers,1,-120,Detroit Pistons,4-0
1989,Eastern,Conf Finals,Detroit Pistons,1,-650,Chicago Bulls,6,+450,Detroit Pistons,4-2
1989,Western,Conf Finals,Los Angeles Lakers,1,-300,Phoenix Suns,3,+240,Los Angeles Lakers,4-0
1989,Eastern,Conf Semis,Detroit Pistons,1,-700,Milwaukee Bucks,5,+500,Detroit Pistons,4-0
1989,Eastern,Conf Semis,New York Knicks,2,-450,Chicago Bulls,6,+300,Chicago Bulls,4-2
1989,Western,Conf Semis,Los Angeles Lakers,1,-700,Seattle SuperSonics,4,+500,Los Angeles Lakers,4-0
1989,Western,Conf Semis,Phoenix Suns,3,-850,Golden State Warriors,7,+550,Phoenix Suns,4-1
1989,Eastern,Round 1,Detroit Pistons,1,-2000,Boston Celtics,8,+1500,Detroit Pistons,3-0
1989,Eastern,Round 1,New York Knicks,2,-350,Philadelphia 76ers,7,+275,New York Knicks,3-0
1989,Eastern,Round 1,Cleveland Cavaliers,3,-500,Chicago Bulls,6,+350,Chicago Bulls,3-2
1989,Eastern,Round 1,Atlanta Hawks,4,-250,Milwaukee Bucks,5,+200,Milwaukee Bucks,3-2
1989,Western,Round 1,Los Angeles Lakers,1,-2500,Portland Trail Blazers,8,+2000,Los Angeles Lakers,3-0
1989,Western,Round 1,Utah Jazz,2,-1000,Golden State Warriors,7,+700,Golden State Warriors,3-0
1989,Western,Round 1,Phoenix Suns,3,-1000,Denver Nuggets,6,+700,Phoenix Suns,3-0
1989,Western,Round 1,Seattle SuperSonics,4,-280,Houston Rockets,5,+230,Seattle SuperSonics,3-1
1988,,NBA Finals,Los Angeles Lakers,1,-260,Detroit Pistons,2,+210,Los Angeles Lakers,4-3
1988,Eastern,Conf Finals,Boston Celtics,1,-250,Detroit Pistons,2,+200,Detroit Pistons,4-2
1988,Western,Conf Finals,Los Angeles Lakers,1,-450,Dallas Mavericks,3,+300,Los Angeles Lakers,4-3
1988,Eastern,Conf Semis,Boston Celtics,1,-500,Atlanta Hawks,4,+300,Boston Celtics,4-3
1988,Eastern,Conf Semis,Detroit Pistons,2,-240,Chicago Bulls,3,+200,Detroit Pistons,4-1
1988,Western,Conf Semis,Los Angeles Lakers,1,N/A,Utah Jazz,5,N/A,Los Angeles Lakers,4-3
1988,Western,Conf Semis,Denver Nuggets,2,-170,Dallas Mavericks,3,+150,Dallas Mavericks,4-2
1988,Eastern,Round 1,Boston Celtics,1,-1200,New York Knicks,8,+800,Boston Celtics,3-1
1988,Eastern,Round 1,Detroit Pistons,2,-800,Washington Bullets,7,+550,Detroit Pistons,3-2
1988,Eastern,Round 1,Chicago Bulls,3,-300,Cleveland Cavaliers,6,+240,Chicago Bulls,3-2
1988,Eastern,Round 1,Atlanta Hawks,4,-450,Milwaukee Bucks,5,+300,Atlanta Hawks,3-2
1988,Western,Round 1,Los Angeles Lakers,1,-3000,San Antonio Spurs,8,+2000,Los Angeles Lakers,3-0
1988,Western,Round 1,Denver Nuggets,2,-500,Seattle SuperSonics,7,+350,Denver Nuggets,3-2
1988,Western,Round 1,Dallas Mavericks,3,-400,Houston Rockets,6,+300,Dallas Mavericks,3-1
1988,Western,Round 1,Portland Trail Blazers,4,-250,Utah Jazz,5,+200,Utah Jazz,3-1
1987,,NBA Finals,Los Angeles Lakers,1,-600,Boston Celtics,1,+400,Los Angeles Lakers,4-2
1987,Eastern,Conf Finals,Boston Celtics,1,N/A,Detroit Pistons,3,N/A,Boston Celtics,4-3
1987,Western,Conf Finals,Los Angeles Lakers,1,N/A,Seattle SuperSonics,7,N/A,Los Angeles Lakers,4-0
1987,Eastern,Conf Semis,Boston Celtics,1,N/A,Milwaukee Bucks,4,N/A,Boston Celtics,4-3
1987,Eastern,Conf Semis,Atlanta Hawks,2,N/A,Detroit Pistons,3,N/A,Detroit Pistons,4-1
1987,Western,Conf Semis,Los Angeles Lakers,1,N/A,Golden State Warriors,5,N/A,Los Angeles Lakers,4-1
1987,Western,Conf Semis,Houston Rockets,6,N/A,Seattle SuperSonics,7,N/A,Seattle SuperSonics,4-2
1987,Eastern,Round 1,Boston Celtics,1,N/A,Chicago Bulls,8,N/A,Boston Celtics,3-0
1987,Eastern,Round 1,Atlanta Hawks,2,N/A,Indiana Pacers,7,N/A,Atlanta Hawks,3-1
1987,Eastern,Round 1,Detroit Pistons,3,N/A,Washington Bullets,6,N/A,Detroit Pistons,3-0
1987,Eastern,Round 1,Milwaukee Bucks,4,N/A,Philadelphia 76ers,5,N/A,Milwaukee Bucks,3-2
1987,Western,Round 1,Los Angeles Lakers,1,N/A,Denver Nuggets,8,N/A,Los Angeles Lakers,3-0
1987,Western,Round 1,Dallas Mavericks,2,N/A,Seattle SuperSonics,7,N/A,Seattle SuperSonics,3-1
1987,Western,Round 1,Portland Trail Blazers,3,N/A,Houston Rockets,6,N/A,Houston Rockets,3-1
1987,Western,Round 1,Utah Jazz,4,N/A,Golden State Warriors,5,N/A,Golden State Warriors,3-2
1986,,NBA Finals,Boston Celtics,1,-700,Houston Rockets,2,+500,Boston Celtics,4-2
1986,Eastern,Conf Finals,Boston Celtics,1,N/A,Milwaukee Bucks,2,N/A,Boston Celtics,4-0
1986,Western,Conf Finals,Los Angeles Lakers,1,N/A,Houston Rockets,2,N/A,Houston Rockets,4-1
1986,Eastern,Conf Semis,Boston Celtics,1,N/A,Atlanta Hawks,4,N/A,Boston Celtics,4-1
1986,Eastern,Conf Semis,Milwaukee Bucks,2,N/A,Philadelphia 76ers,3,N/A,Milwaukee Bucks,4-3
1986,Western,Conf Semis,Los Angeles Lakers,1,N/A,Dallas Mavericks,4,N/A,Los Angeles Lakers,4-2
1986,Western,Conf Semis,Houston Rockets,2,N/A,Denver Nuggets,3,N/A,Houston Rockets,4-2
1986,Eastern,Round 1,Boston Celtics,1,N/A,Chicago Bulls,8,N/A,Boston Celtics,3-0
1986,Eastern,Round 1,Milwaukee Bucks,2,N/A,New Jersey Nets,7,N/A,Milwaukee Bucks,3-0
1986,Eastern,Round 1,Philadelphia 76ers,3,N/A,Washington Bullets,6,N/A,Philadelphia 76ers,3-2
1986,Eastern,Round 1,Atlanta Hawks,4,N/A,Detroit Pistons,5,N/A,Atlanta Hawks,3-1
1986,Western,Round 1,Los Angeles Lakers,1,N/A,San Antonio Spurs,8,N/A,Los Angeles Lakers,3-0
1986,Western,Round 1,Houston Rockets,2,N/A,Sacramento Kings,7,N/A,Houston Rockets,3-0
1986,Western,Round 1,Denver Nuggets,3,N/A,Portland Trail Blazers,6,N/A,Denver Nuggets,3-1
1986,Western,Round 1,Dallas Mavericks,4,N/A,Utah Jazz,5,N/A,Dallas Mavericks,3-1
1985,,NBA Finals,Boston Celtics,1,+170,Los Angeles Lakers,1,-200,Los Angeles Lakers,4-2
1985,Eastern,Conf Finals,Boston Celtics,1,N/A,Philadelphia 76ers,3,N/A,Boston Celtics,4-1
1985,Western,Conf Finals,Los Angeles Lakers,1,N/A,Denver Nuggets,2,N/A,Los Angeles Lakers,4-1
1985,Eastern,Conf Semis,Boston Celtics,1,N/A,Detroit Pistons,4,N/A,Boston Celtics,4-2
1985,Eastern,Conf Semis,Milwaukee Bucks,2,N/A,Philadelphia 76ers,3,N/A,Philadelphia 76ers,4-0
1985,Western,Conf Semis,Los Angeles Lakers,1,N/A,Portland Trail Blazers,5,N/A,Los Angeles Lakers,4-1
1985,Western,Conf Semis,Denver Nuggets,2,N/A,Utah Jazz,6,N/A,Denver Nuggets,4-1
1985,Eastern,Round 1,Boston Celtics,1,N/A,Cleveland Cavaliers,8,N/A,Boston Celtics,3-1
1985,Eastern,Round 1,Milwaukee Bucks,2,N/A,Chicago Bulls,7,N/A,Milwaukee Bucks,3-1
1985,Eastern,Round 1,Philadelphia 76ers,3,N/A,Washington Bullets,6,N/A,Philadelphia 76ers,3-1
1985,Eastern,Round 1,Detroit Pistons,4,N/A,New Jersey Nets,5,N/A,Detroit Pistons,3-0
1985,Western,Round 1,Los Angeles Lakers,1,N/A,Phoenix Suns,8,N/A,Los Angeles Lakers,3-0
1985,Western,Round 1,Denver Nuggets,2,N/A,San Antonio Spurs,7,N/A,Denver Nuggets,3-2
1985,Western,Round 1,Houston Rockets,3,N/A,Utah Jazz,6,N/A,Utah Jazz,3-2
1985,Western,Round 1,Dallas Mavericks,4,N/A,Portland Trail Blazers,5,N/A,Portland Trail Blazers,3-1
1984,,NBA Finals,Boston Celtics,1,-120,Los Angeles Lakers,1,+100,Boston Celtics,4-3
1984,Eastern,Conf Finals,Boston Celtics,1,N/A,Milwaukee Bucks,2,N/A,Boston Celtics,4-1
1984,Western,Conf Finals,Los Angeles Lakers,1,N/A,Phoenix Suns,6,N/A,Los Angeles Lakers,4-2
1984,Eastern,Conf Semis,Boston Celtics,1,N/A,New York Knicks,5,N/A,Boston Celtics,4-3
1984,Eastern,Conf Semis,Milwaukee Bucks,2,N/A,New Jersey Nets,6,N/A,Milwaukee Bucks,4-2
1984,Western,Conf Semis,Los Angeles Lakers,1,N/A,Dallas Mavericks,4,N/A,Los Angeles Lakers,4-1
1984,Western,Conf Semis,Utah Jazz,2,N/A,Phoenix Suns,6,N/A,Phoenix Suns,4-2
1984,Eastern,Round 1,Boston Celtics,1,N/A,Washington Bullets,8,N/A,Boston Celtics,3-1
1984,Eastern,Round 1,Milwaukee Bucks,2,N/A,Atlanta Hawks,7,N/A,Milwaukee Bucks,3-2
1984,Eastern,Round 1,Philadelphia 76ers,3,N/A,New Jersey Nets,6,N/A,New Jersey Nets,3-2
1984,Eastern,Round 1,Detroit Pistons,4,N/A,New York Knicks,5,N/A,New York Knicks,3-2
1984,Western,Round 1,Los Angeles Lakers,1,N/A,Kansas City Kings,8,N/A,Los Angeles Lakers,3-0
1984,Western,Round 1,Utah Jazz,2,N/A,Denver Nuggets,7,N/A,Utah Jazz,3-2
1984,Western,Round 1,Portland Trail Blazers,3,N/A,Phoenix Suns,6,N/A,Phoenix Suns,3-2
1984,Western,Round 1,Dallas Mavericks,4,N/A,Seattle SuperSonics,5,N/A,Dallas Mavericks,3-2
1983,,NBA Finals,Philadelphia 76ers,1,N/A,Los Angeles Lakers,1,N/A,Philadelphia 76ers,4-0
1983,Eastern,Conf Finals,Philadelphia 76ers,1,N/A,Milwaukee Bucks,2,N/A,Philadelphia 76ers,4-1
1983,Western,Conf Finals,Los Angeles Lakers,1,N/A,San Antonio Spurs,2,N/A,Los Angeles Lakers,4-2
1983,Eastern,Conf Semis,Philadelphia 76ers,1,N/A,New York Knicks,5,N/A,Philadelphia 76ers,4-0
1983,Eastern,Conf Semis,Boston Celtics,3,N/A,Milwaukee Bucks,2,N/A,Milwaukee Bucks,4-0
1983,Western,Conf Semis,Los Angeles Lakers,1,N/A,Portland Trail Blazers,5,N/A,Los Angeles Lakers,4-1
1983,Western,Conf Semis,San Antonio Spurs,2,N/A,Denver Nuggets,6,N/A,San Antonio Spurs,4-1
1983,Eastern,Round 1,Boston Celtics,3,N/A,Atlanta Hawks,6,N/A,Boston Celtics,2-1
1983,Eastern,Round 1,New Jersey Nets,4,N/A,New York Knicks,5,N/A,New York Knicks,2-0
1983,Western,Round 1,Phoenix Suns,3,N/A,Denver Nuggets,6,N/A,Denver Nuggets,2-1
1983,Western,Round 1,Seattle SuperSonics,4,N/A,Portland Trail Blazers,5,N/A,Portland Trail Blazers,2-0
1982,,NBA Finals,Los Angeles Lakers,1,-160,Philadelphia 76ers,3,+140,Los Angeles Lakers,4-2
1982,Eastern,Conf Finals,Boston Celtics,1,N/A,Philadelphia 76ers,3,N/A,Philadelphia 76ers,4-3
1982,Western,Conf Finals,Los Angeles Lakers,1,N/A,San Antonio Spurs,2,N/A,Los Angeles Lakers,4-0
1982,Eastern,Conf Semis,Boston Celtics,1,N/A,Washington Bullets,5,N/A,Boston Celtics,4-1
1982,Eastern,Conf Semis,Philadelphia 76ers,3,N/A,Milwaukee Bucks,2,N/A,Philadelphia 76ers,4-2
1982,Western,Conf Semis,Los Angeles Lakers,1,N/A,Phoenix Suns,5,N/A,Los Angeles Lakers,4-0
1982,Western,Conf Semis,Seattle SuperSonics,3,N/A,San Antonio Spurs,2,N/A,San Antonio Spurs,4-1
1982,Eastern,Round 1,Philadelphia 76ers,3,N/A,Atlanta Hawks,6,N/A,Philadelphia 76ers,2-0
1982,Eastern,Round 1,New Jersey Nets,4,N/A,Washington Bullets,5,N/A,Washington Bullets,2-0
1982,Western,Round 1,Seattle SuperSonics,3,N/A,Houston Rockets,6,N/A,Seattle SuperSonics,2-1
1982,Western,Round 1,Denver Nuggets,4,N/A,Phoenix Suns,5,N/A,Phoenix Suns,2-1
1981,,NBA Finals,Boston Celtics,1,-260,Houston Rockets,6,+220,Boston Celtics,4-2
1981,Eastern,Conf Finals,Boston Celtics,1,-160,Philadelphia 76ers,3,+140,Boston Celtics,4-3
1981,Western,Conf Finals,Kansas City Kings,5,-140,Houston Rockets,6,+120,Houston Rockets,4-1
1981,Eastern,Conf Semis,Boston Celtics,1,-180,Chicago Bulls,5,+160,Boston Celtics,4-0
1981,Eastern,Conf Semis,Philadelphia 76ers,3,-150,Milwaukee Bucks,2,+130,Philadelphia 76ers,4-3
1981,Western,Conf Semis,Phoenix Suns,1,-220,Kansas City Kings,5,+180,Kansas City Kings,4-3
1981,Western,Conf Semis,San Antonio Spurs,2,-160,Houston Rockets,6,+140,Houston Rockets,4-3
1981,Eastern,Round 1,Philadelphia 76ers,3,N/A,Indiana Pacers,6,N/A,Philadelphia 76ers,2-0
1981,Eastern,Round 1,New York Knicks,4,N/A,Chicago Bulls,5,N/A,Chicago Bulls,2-0
1981,Western,Round 1,Los Angeles Lakers,3,N/A,Houston Rockets,6,N/A,Houston Rockets,2-1
1981,Western,Round 1,Portland Trail Blazers,4,N/A,Kansas City Kings,5,N/A,Kansas City Kings,2-1
1980,,NBA Finals,Los Angeles Lakers,1,-190,Philadelphia 76ers,3,+170,Los Angeles Lakers,4-2
1980,Eastern,Conf Finals,Boston Celtics,1,-300,Philadelphia 76ers,3,+240,Philadelphia 76ers,4-1
1980,Western,Conf Finals,Los Angeles Lakers,1,-240,Seattle SuperSonics,3,+200,Los Angeles Lakers,4-1
1980,Eastern,Conf Semis,Boston Celtics,1,-700,Houston Rockets,4,+500,Boston Celtics,4-0
1980,Eastern,Conf Semis,Philadelphia 76ers,3,-120,Atlanta Hawks,2,+100,Philadelphia 76ers,4-1
1980,Western,Conf Semis,Los Angeles Lakers,1,-200,Phoenix Suns,4,+170,Los Angeles Lakers,4-1
1980,Western,Conf Semis,Seattle SuperSonics,3,-150,Milwaukee Bucks,2,+130,Seattle SuperSonics,4-3
1980,Eastern,Round 1,Philadelphia 76ers,3,-600,Washington Bullets,6,+400,Philadelphia 76ers,2-0
1980,Eastern,Round 1,Houston Rockets,4,-140,San Antonio Spurs,5,+120,Houston Rockets,2-1
1980,Western,Round 1,Seattle SuperSonics,3,-1000,Portland Trail Blazers,6,+700,Seattle SuperSonics,2-1
1980,Western,Round 1,Phoenix Suns,4,-700,Kansas City Kings,5,+500,Phoenix Suns,2-1
1979,,NBA Finals,Washington Bullets,1,-150,Seattle SuperSonics,1,+130,Seattle SuperSonics,4-1
1979,Eastern,Conf Finals,Washington Bullets,1,-190,San Antonio Spurs,2,+170,Washington Bullets,4-3
1979,Western,Conf Finals,Seattle SuperSonics,1,-160,Phoenix Suns,3,+140,Seattle SuperSonics,4-3
1979,Eastern,Conf Semis,Washington Bullets,1,N/A,Atlanta Hawks,5,N/A,Washington Bullets,4-3
1979,Eastern,Conf Semis,San Antonio Spurs,2,N/A,Philadelphia 76ers,3,N/A,San Antonio Spurs,4-3
1979,Western,Conf Semis,Seattle SuperSonics,1,N/A,Los Angeles Lakers,5,N/A,Seattle SuperSonics,4-1
1979,Western,Conf Semis,Phoenix Suns,3,N/A,Kansas City Kings,2,N/A,Phoenix Suns,4-1
1979,Eastern,Round 1,Philadelphia 76ers,3,-400,New Jersey Nets,6,+300,Philadelphia 76ers,2-0
1979,Eastern,Round 1,Houston Rockets,4,-160,Atlanta Hawks,5,+140,Atlanta Hawks,2-0
1979,Western,Round 1,Phoenix Suns,3,N/A,Portland Trail Blazers,6,N/A,Phoenix Suns,2-1
1979,Western,Round 1,Denver Nuggets,4,N/A,Los Angeles Lakers,5,N/A,Los Angeles Lakers,2-1
1978,,NBA Finals,Seattle SuperSonics,4,-140,Washington Bullets,3,+120,Washington Bullets,4-3
1978,Eastern,Conf Finals,Philadelphia 76ers,1,N/A,Washington Bullets,3,N/A,Washington Bullets,4-2
1978,Western,Conf Finals,Denver Nuggets,2,-160,Seattle SuperSonics,4,+140,Seattle SuperSonics,4-2
1978,Eastern,Conf Semis,Philadelphia 76ers,1,N/A,New York Knicks,5,N/A,Philadelphia 76ers,4-0
1978,Eastern,Conf Semis,San Antonio Spurs,2,N/A,Washington Bullets,3,N/A,Washington Bullets,4-2
1978,Western,Conf Semis,Portland Trail Blazers,1,N/A,Seattle SuperSonics,4,N/A,Seattle SuperSonics,4-2
1978,Western,Conf Semis,Denver Nuggets,2,N/A,Milwaukee Bucks,6,N/A,Denver Nuggets,4-3
1978,Eastern,Round 1,Washington Bullets,3,N/A,Atlanta Hawks,6,N/A,Washington Bullets,2-0
1978,Eastern,Round 1,Cleveland Cavaliers,4,N/A,New York Knicks,5,N/A,New York Knicks,2-0
1978,Western,Round 1,Phoenix Suns,3,N/A,Milwaukee Bucks,6,N/A,Milwaukee Bucks,2-0
1978,Western,Round 1,Seattle SuperSonics,4,N/A,Los Angeles Lakers,5,N/A,Seattle SuperSonics,2-1
1977,,NBA Finals,Philadelphia 76ers,1,-160,Portland Trail Blazers,3,+140,Portland Trail Blazers,4-2
1977,Eastern,Conf Finals,Philadelphia 76ers,1,-220,Houston Rockets,2,+180,Philadelphia 76ers,4-2
1977,Western,Conf Finals,Los Angeles Lakers,1,N/A,Portland Trail Blazers,3,N/A,Portland Trail Blazers,4-0
1977,Eastern,Conf Semis,Philadelphia 76ers,1,N/A,Boston Celtics,4,N/A,Philadelphia 76ers,4-3
1977,Eastern,Conf Semis,Houston Rockets,2,N/A,Washington Bullets,3,N/A,Houston Rockets,4-2
1977,Western,Conf Semis,Los Angeles Lakers,1,N/A,Golden State Warriors,4,N/A,Los Angeles Lakers,4-3
1977,Western,Conf Semis,Denver Nuggets,2,N/A,Portland Trail Blazers,3,N/A,Portland Trail Blazers,4-2
1977,Eastern,Round 1,Washington Bullets,3,N/A,Cleveland Cavaliers,6,N/A,Washington Bullets,2-1
1977,Eastern,Round 1,Boston Celtics,4,N/A,San Antonio Spurs,5,N/A,Boston Celtics,2-0
1977,Western,Round 1,Portland Trail Blazers,3,N/A,Chicago Bulls,6,N/A,Portland Trail Blazers,2-1
1977,Western,Round 1,Golden State Warriors,4,N/A,Detroit Pistons,5,N/A,Golden State Warriors,2-1
1976,,NBA Finals,Boston Celtics,1,-200,Phoenix Suns,3,+170,Boston Celtics,4-2
1976,Eastern,Conf Finals,Boston Celtics,1,-250,Cleveland Cavaliers,2,+200,Boston Celtics,4-2
1976,Western,Conf Finals,Golden State Warriors,1,N/A,Phoenix Suns,3,N/A,Phoenix Suns,4-3
1976,Eastern,Conf Semis,Boston Celtics,1,N/A,Buffalo Braves,5,N/A,Boston Celtics,4-2
1976,Eastern,Conf Semis,Cleveland Cavaliers,2,N/A,Washington Bullets,3,N/A,Cleveland Cavaliers,4-3
1976,Western,Conf Semis,Golden State Warriors,1,N/A,Detroit Pistons,5,N/A,Golden State Warriors,4-2
1976,Western,Conf Semis,Seattle SuperSonics,2,N/A,Phoenix Suns,3,N/A,Phoenix Suns,4-2
1976,Eastern,Round 1,Philadelphia 76ers,4,N/A,Buffalo Braves,5,N/A,Buffalo Braves,2-1
1976,Western,Round 1,Milwaukee Bucks,4,N/A,Detroit Pistons,5,N/A,Detroit Pistons,2-1
1975,,NBA Finals,Washington Bullets,2,-200,Golden State Warriors,1,+170,Golden State Warriors,4-0
1975,Eastern,Conf Finals,Boston Celtics,1,-180,Washington Bullets,2,+160,Washington Bullets,4-2
1975,Western,Conf Finals,Golden State Warriors,1,+100,Chicago Bulls,2,-120,Golden State Warriors,4-3
1975,Eastern,Conf Semis,Boston Celtics,1,N/A,Houston Rockets,4,N/A,Boston Celtics,4-1
1975,Eastern,Conf Semis,Washington Bullets,2,N/A,Buffalo Braves,3,N/A,Washington Bullets,4-3
1975,Western,Conf Semis,Golden State Warriors,1,N/A,Seattle SuperSonics,5,N/A,Golden State Warriors,4-2
1975,Western,Conf Semis,Chicago Bulls,2,N/A,Kansas City Kings,3,N/A,Chicago Bulls,4-2
1975,Eastern,Round 1,Houston Rockets,4,N/A,New York Knicks,5,N/A,Houston Rockets,2-1
1975,Western,Round 1,Seattle SuperSonics,4,N/A,Detroit Pistons,5,N/A,Seattle SuperSonics,2-1
1974,,NBA Finals,Milwaukee Bucks,1,N/A,Boston Celtics,1,N/A,Boston Celtics,4-3
1974,Eastern,Conf Finals,Boston Celtics,1,N/A,New York Knicks,3,N/A,Boston Celtics,4-1
1974,Western,Conf Finals,Milwaukee Bucks,1,N/A,Chicago Bulls,3,N/A,Milwaukee Bucks,4-0
1974,Eastern,Conf Semis,Boston Celtics,1,N/A,Buffalo Braves,4,N/A,Boston Celtics,4-2
1974,Eastern,Conf Semis,New York Knicks,3,N/A,Capital Bullets,2,N/A,New York Knicks,4-3
1974,Western,Conf Semis,Milwaukee Bucks,1,N/A,Los Angeles Lakers,2,N/A,Milwaukee Bucks,4-1
1974,Western,Conf Semis,Chicago Bulls,3,N/A,Detroit Pistons,4,N/A,Chicago Bulls,4-3
1973,,NBA Finals,Los Angeles Lakers,2,-160,New York Knicks,3,+140,New York Knicks,4-1
1973,Eastern,Conf Finals,Boston Celtics,1,N/A,New York Knicks,3,N/A,New York Knicks,4-3
1973,Western,Conf Finals,Los Angeles Lakers,2,N/A,Golden State Warriors,4,N/A,Los Angeles Lakers,4-1
1973,Eastern,Conf Semis,Boston Celtics,1,N/A,Atlanta Hawks,4,N/A,Boston Celtics,4-2
1973,Eastern,Conf Semis,New York Knicks,3,N/A,Baltimore Bullets,2,N/A,New York Knicks,4-1
1973,Western,Conf Semis,Milwaukee Bucks,1,N/A,Golden State Warriors,4,N/A,Golden State Warriors,4-2
1973,Western,Conf Semis,Los Angeles Lakers,2,N/A,Chicago Bulls,3,N/A,Los Angeles Lakers,4-3
1972,,NBA Finals,Los Angeles Lakers,1,-250,New York Knicks,3,+200,Los Angeles Lakers,4-1
1972,Eastern,Conf Finals,Boston Celtics,1,N/A,New York Knicks,3,N/A,New York Knicks,4-1
1972,Western,Conf Finals,Los Angeles Lakers,1,N/A,Milwaukee Bucks,2,N/A,Los Angeles Lakers,4-2
1972,Eastern,Conf Semis,Boston Celtics,1,N/A,Atlanta Hawks,4,N/A,Boston Celtics,4-2
1972,Eastern,Conf Semis,Baltimore Bullets,2,N/A,New York Knicks,3,N/A,New York Knicks,4-2
1972,Western,Conf Semis,Los Angeles Lakers,1,N/A,Chicago Bulls,3,N/A,Los Angeles Lakers,4-0
1972,Western,Conf Semis,Milwaukee Bucks,2,N/A,Golden State Warriors,4,N/A,Milwaukee Bucks,4-1
1971,,NBA Finals,Milwaukee Bucks,1,N/A,Baltimore Bullets,2,N/A,Milwaukee Bucks,4-0
1971,Eastern,Conf Finals,New York Knicks,1,N/A,Baltimore Bullets,2,N/A,Baltimore Bullets,4-3
1971,Western,Conf Finals,Milwaukee Bucks,1,N/A,Los Angeles Lakers,2,N/A,Milwaukee Bucks,4-1
1971,Eastern,Conf Semis,New York Knicks,1,N/A,Atlanta Hawks,4,N/A,New York Knicks,4-1
1971,Eastern,Conf Semis,Baltimore Bullets,2,N/A,Philadelphia 76ers,3,N/A,Baltimore Bullets,4-3
1971,Western,Conf Semis,Milwaukee Bucks,1,N/A,San Francisco Warriors,4,N/A,Milwaukee Bucks,4-1
1971,Western,Conf Semis,Los Angeles Lakers,2,N/A,Chicago Bulls,3,N/A,Los Angeles Lakers,4-3
1970,,NBA Finals,New York Knicks,1,-160,Los Angeles Lakers,2,+140,New York Knicks,4-3
1970,Eastern,Conf Finals,New York Knicks,1,N/A,Milwaukee Bucks,2,N/A,New York Knicks,4-1
1970,Western,Conf Finals,Atlanta Hawks,1,N/A,Los Angeles Lakers,2,N/A,Los Angeles Lakers,4-0
1970,Eastern,Conf Semis,New York Knicks,1,N/A,Baltimore Bullets,3,N/A,New York Knicks,4-3
1970,Eastern,Conf Semis,Milwaukee Bucks,2,N/A,Philadelphia 76ers,4,N/A,Milwaukee Bucks,4-1
1970,Western,Conf Semis,Atlanta Hawks,1,N/A,Chicago Bulls,3,N/A,Atlanta Hawks,4-1
1970,Western,Conf Semis,Los Angeles Lakers,2,N/A,Phoenix Suns,4,N/A,Los Angeles Lakers,4-3
1969,,NBA Finals,Los Angeles Lakers,1,-140,Boston Celtics,2,+120,Boston Celtics,4-3
1969,Eastern,Conf Finals,New York Knicks,3,N/A,Boston Celtics,4,N/A,Boston Celtics,4-2
1969,Western,Conf Finals,Los Angeles Lakers,1,N/A,Atlanta Hawks,2,N/A,Los Angeles Lakers,4-1
1969,Eastern,Conf Semis,Baltimore Bullets,1,N/A,New York Knicks,3,N/A,New York Knicks,4-0
1969,Eastern,Conf Semis,Philadelphia 76ers,2,N/A,Boston Celtics,4,N/A,Boston Celtics,4-1
1969,Western,Conf Semis,Los Angeles Lakers,1,N/A,San Diego Rockets,3,N/A,Los Angeles Lakers,4-1
1969,Western,Conf Semis,Atlanta Hawks,2,N/A,San Francisco Warriors,4,N/A,Atlanta Hawks,4-2
1968,,NBA Finals,Boston Celtics,2,N/A,Los Angeles Lakers,2,N/A,Boston Celtics,4-2
1968,Eastern,Conf Finals,Philadelphia 76ers,1,N/A,Boston Celtics,2,N/A,Boston Celtics,4-3
1968,Western,Conf Finals,Los Angeles Lakers,2,N/A,San Francisco Warriors,3,N/A,Los Angeles Lakers,4-0
1968,Eastern,Conf Semis,Philadelphia 76ers,1,N/A,New York Knicks,3,N/A,Philadelphia 76ers,4-2
1968,Eastern,Conf Semis,Boston Celtics,2,N/A,Detroit Pistons,4,N/A,Boston Celtics,4-2
1968,Western,Conf Semis,St Louis Hawks,1,N/A,San Francisco Warriors,3,N/A,San Francisco Warriors,4-1
1968,Western,Conf Semis,Los Angeles Lakers,2,N/A,Chicago Bulls,4,N/A,Los Angeles Lakers,4-2
